2,"[AliQ] S00E00 - Pilot.mp4","videos/[AliQ] Steven Universe Season 1 [1080p WEB_DL x264]/[AliQ] S00E00 - Pilot.mp4"
3,"[AliQ] S01E01 - Gem Glow.mp4","videos/[AliQ] Steven Universe Season 1 [1080p WEB_DL x264]/[AliQ] S01E01 - Gem Glow.mp4"
4,"[AliQ] S01E02 - Laser Light Cannon.mp4","videos/[AliQ] Steven Universe Season 1 [1080p WEB_DL x264]/[AliQ] S01E02 - Laser Light Cannon.mp4"
5,"[AliQ] S01E03 - Cheeseburger Backpack.mp4","videos/[AliQ] Steven Universe Season 1 [1080p WEB_DL x264]/[AliQ] S01E03 - Cheeseburger Backpack.mp4"
6,"[AliQ] S01E04 - Together Breakfast.mp4","videos/[AliQ] Steven Universe Season 1 [1080p WEB_DL x264]/[AliQ] S01E04 - Together Breakfast.mp4"
7,"[AliQ] S01E05 - Frybo.mp4","videos/[AliQ] Steven Universe Season 1 [1080p WEB_DL x264]/[AliQ] S01E05 - Frybo.mp4"
8,"[AliQ] S01E06 - Cat Fingers.mp4","videos/[AliQ] Steven Universe Season 1 [1080p WEB_DL x264]/[AliQ] S01E06 - Cat Fingers.mp4"
9,"[AliQ] S01E07 - Bubble Buddies.mp4","videos/[AliQ] Steven Universe Season 1 [1080p WEB_DL x264]/[AliQ] S01E07 - Bubble Buddies.mp4"
10,"[AliQ] S01E08 - Serious Steven.mp4","videos/[AliQ] Steven Universe Season 1 [1080p WEB_DL x264]/[AliQ] S01E08 - Serious Steven.mp4"
11,"[AliQ] S01E09 - Tiger Millionaire.mp4","videos/[AliQ] Steven Universe Season 1 [1080p WEB_DL x264]/[AliQ] S01E09 - Tiger Millionaire.mp4"
12,"[AliQ] S01E10 - Steven's Lion.mp4","videos/[AliQ] Steven Universe Season 1 [1080p WEB_DL x264]/[AliQ] S01E10 - Steven's Lion.mp4"
13,"[AliQ] S01E11 - Arcade Mania.mp4","videos/[AliQ] Steven Universe Season 1 [1080p WEB_DL x264]/[AliQ] S01E11 - Arcade Mania.mp4"
14,"[AliQ] S01E12 - Giant Woman.mp4","videos/[AliQ] Steven Universe Season 1 [1080p WEB_DL x264]/[AliQ] S01E12 - Giant Woman.mp4"
15,"[AliQ] S01E13 - So Many Birthdays.mp4","videos/[AliQ] Steven Universe Season 1 [1080p WEB_DL x264]/[AliQ] S01E13 - So Many Birthdays.mp4"
16,"[AliQ] S01E14 - Lars and the Cool Kids.mp4","videos/[AliQ] Steven Universe Season 1 [1080p WEB_DL x264]/[AliQ] S01E14 - Lars and the Cool Kids.mp4"
17,"[AliQ] S01E15 - Onion Trade.mp4","videos/[AliQ] Steven Universe Season 1 [1080p WEB_DL x264]/[AliQ] S01E15 - Onion Trade.mp4"
18,"[AliQ] S01E16 - Steven the Sword Fighter.mp4","videos/[AliQ] Steven Universe Season 1 [1080p WEB_DL x264]/[AliQ] S01E16 - Steven the Sword Fighter.mp4"
19,"[AliQ] S01E17 - Lion 2 The Movie.mp4","videos/[AliQ] Steven Universe Season 1 [1080p WEB_DL x264]/[AliQ] S01E17 - Lion 2 The Movie.mp4"
20,"[AliQ] S01E18 - Beach Party.mp4","videos/[AliQ] Steven Universe Season 1 [1080p WEB_DL x264]/[AliQ] S01E18 - Beach Party.mp4"
21,"[AliQ] S01E19 - Roses Room.mp4","videos/[AliQ] Steven Universe Season 1 [1080p WEB_DL x264]/[AliQ] S01E19 - Roses Room.mp4"
22,"[AliQ] S01E20 - Coach Steven.mp4","videos/[AliQ] Steven Universe Season 1 [1080p WEB_DL x264]/[AliQ] S01E20 - Coach Steven.mp4"
23,"[AliQ] S01E21 - Joking Victim.mp4","videos/[AliQ] Steven Universe Season 1 [1080p WEB_DL x264]/[AliQ] S01E21 - Joking Victim.mp4"
24,"[AliQ] S01E22 - Steven and the Stevens.mp4","videos/[AliQ] Steven Universe Season 1 [1080p WEB_DL x264]/[AliQ] S01E22 - Steven and the Stevens.mp4"
25,"[AliQ] S01E23 - Monster Buddies.mp4","videos/[AliQ] Steven Universe Season 1 [1080p WEB_DL x264]/[AliQ] S01E23 - Monster Buddies.mp4"
26,"[AliQ] S01E24 - An Indirect Kiss.mp4","videos/[AliQ] Steven Universe Season 1 [1080p WEB_DL x264]/[AliQ] S01E24 - An Indirect Kiss.mp4"
27,"[AliQ] S01E25 - Mirror Gem.mp4","videos/[AliQ] Steven Universe Season 1 [1080p WEB_DL x264]/[AliQ] S01E25 - Mirror Gem.mp4"
28,"[AliQ] S01E26 - Ocean Gem.mp4","videos/[AliQ] Steven Universe Season 1 [1080p WEB_DL x264]/[AliQ] S01E26 - Ocean Gem.mp4"
29,"[AliQ] S01E27 - House Guest.mp4","videos/[AliQ] Steven Universe Season 1 [1080p WEB_DL x264]/[AliQ] S01E27 - House Guest.mp4"
30,"[AliQ] S01E28 - Space Race.mp4","videos/[AliQ] Steven Universe Season 1 [1080p WEB_DL x264]/[AliQ] S01E28 - Space Race.mp4"
31,"[AliQ] S01E29 - Secret Team.mp4","videos/[AliQ] Steven Universe Season 1 [1080p WEB_DL x264]/[AliQ] S01E29 - Secret Team.mp4"
32,"[AliQ] S01E30 - Island Adventure.mp4","videos/[AliQ] Steven Universe Season 1 [1080p WEB_DL x264]/[AliQ] S01E30 - Island Adventure.mp4"
33,"[AliQ] S01E31 - Keep Beach City Weird.mp4","videos/[AliQ] Steven Universe Season 1 [1080p WEB_DL x264]/[AliQ] S01E31 - Keep Beach City Weird.mp4"
34,"[AliQ] S01E32 - Fusion Cuisine.mp4","videos/[AliQ] Steven Universe Season 1 [1080p WEB_DL x264]/[AliQ] S01E32 - Fusion Cuisine.mp4"
35,"[AliQ] S01E33 - Garnets Universe.mp4","videos/[AliQ] Steven Universe Season 1 [1080p WEB_DL x264]/[AliQ] S01E33 - Garnets Universe.mp4"
36,"[AliQ] S01E34 - Watermelon Steven.mp4","videos/[AliQ] Steven Universe Season 1 [1080p WEB_DL x264]/[AliQ] S01E34 - Watermelon Steven.mp4"
37,"[AliQ] S01E35 - Lion 3 Straight to Video.mp4","videos/[AliQ] Steven Universe Season 1 [1080p WEB_DL x264]/[AliQ] S01E35 - Lion 3 Straight to Video.mp4"
38,"[AliQ] S01E36 - Warp Tour.mp4","videos/[AliQ] Steven Universe Season 1 [1080p WEB_DL x264]/[AliQ] S01E36 - Warp Tour.mp4"
39,"[AliQ] S01E37 - Alone Together.mp4","videos/[AliQ] Steven Universe Season 1 [1080p WEB_DL x264]/[AliQ] S01E37 - Alone Together.mp4"
40,"[AliQ] S01E38 - The Test.mp4","videos/[AliQ] Steven Universe Season 1 [1080p WEB_DL x264]/[AliQ] S01E38 - The Test.mp4"
41,"[AliQ] S01E39 - Future Vision.mp4","videos/[AliQ] Steven Universe Season 1 [1080p WEB_DL x264]/[AliQ] S01E39 - Future Vision.mp4"
42,"[AliQ] S01E40 - On the Run.mp4","videos/[AliQ] Steven Universe Season 1 [1080p WEB_DL x264]/[AliQ] S01E40 - On the Run.mp4"
43,"[AliQ] S01E41 - Horror Club.mp4","videos/[AliQ] Steven Universe Season 1 [1080p WEB_DL x264]/[AliQ] S01E41 - Horror Club.mp4"
44,"[AliQ] S01E42 - Winter Forecast.mp4","videos/[AliQ] Steven Universe Season 1 [1080p WEB_DL x264]/[AliQ] S01E42 - Winter Forecast.mp4"
45,"[AliQ] S01E43 - Maximum Capacity.mp4","videos/[AliQ] Steven Universe Season 1 [1080p WEB_DL x264]/[AliQ] S01E43 - Maximum Capacity.mp4"
46,"[AliQ] S01E44 - Marble Madness.mp4","videos/[AliQ] Steven Universe Season 1 [1080p WEB_DL x264]/[AliQ] S01E44 - Marble Madness.mp4"
47,"[AliQ] S01E45 - Roses Scabbard.mp4","videos/[AliQ] Steven Universe Season 1 [1080p WEB_DL x264]/[AliQ] S01E45 - Roses Scabbard.mp4"
48,"[AliQ] S01E46 - The Message.mp4","videos/[AliQ] Steven Universe Season 1 [1080p WEB_DL x264]/[AliQ] S01E46 - The Message.mp4"
49,"[AliQ] S01E47 - Political Power.mp4","videos/[AliQ] Steven Universe Season 1 [1080p WEB_DL x264]/[AliQ] S01E47 - Political Power.mp4"
50,"[AliQ] S01E48 - The Return.mp4","videos/[AliQ] Steven Universe Season 1 [1080p WEB_DL x264]/[AliQ] S01E48 - The Return.mp4"
51,"[AliQ] S01E49 - Jail Break.mp4","videos/[AliQ] Steven Universe Season 1 [1080p WEB_DL x264]/[AliQ] S01E49 - Jail Break.mp4"
52,"output1.mp4","videos/Entourage/Entourage - Season 1/output1.mp4"
53,"output.mp4","videos/Entourage/Entourage - Season 1/output.mp4"
54,"Entourage_tmp.mp4","videos/Entourage_tmp.mp4"
55,"Grave of the Fireflies_Title1.mp4","videos/Grave of the Fireflies_Title1.mp4"
56,"sample.mp4","videos/sample.mp4"
57,"temp_2.mp4","videos/temp_2.mp4"
58,"temp.mp4","videos/temp.mp4"
59,"The.NeverEnding.Story.1984.720p.BluRay.x264-[YTS.AM].mp4","videos/The.NeverEnding.Story.1984.720p.BluRay.x264-[YTS.AM].mp4"
60,"Tosh.0.S07E02.HDTV.x264-[eSc].mp4","videos/tosh.0_season_7/Tosh.0.S07E02.HDTV.x264-[eSc].mp4"
61,"Tosh.0.S07E03.HDTV.x264-[eSc].mp4","videos/tosh.0_season_7/Tosh.0.S07E03.HDTV.x264-[eSc].mp4"
62,"Tosh.0.S07E04.HDTV.x264-[eSc].mp4","videos/tosh.0_season_7/Tosh.0.S07E04.HDTV.x264-[eSc].mp4"
63,"Tosh.0.S07E05.HDTV.x264-[eSc].mp4","videos/tosh.0_season_7/Tosh.0.S07E05.HDTV.x264-[eSc].mp4"
64,"Tosh.0.S07E06.HDTV.x264-MiNDTHEGAP.mp4","videos/tosh.0_season_7/Tosh.0.S07E06.HDTV.x264-MiNDTHEGAP.mp4"
65,"Tosh.0.S07E09.Sign.Spinner.HDTV.x264-FiHTV.mp4","videos/tosh.0_season_7/Tosh.0.S07E09.Sign.Spinner.HDTV.x264-FiHTV.mp4"
66,"Tosh.0.S07E10.Girl.Dunks.HDTV.x264-FiHTV.mp4","videos/tosh.0_season_7/Tosh.0.S07E10.Girl.Dunks.HDTV.x264-FiHTV.mp4"
67,"Tosh.0.S07E11.Microwave.Glow.Stick.HDTV.x264-FiHTV.mp4","videos/tosh.0_season_7/Tosh.0.S07E11.Microwave.Glow.Stick.HDTV.x264-FiHTV.mp4"
68,"Tosh.0.S07E12.HDTV.x264-[eSc].mp4","videos/tosh.0_season_7/Tosh.0.S07E12.HDTV.x264-[eSc].mp4"
69,"Tosh.0.S07E13.High.School.Football.Fan.HDTV.x264-FiHTV.mp4","videos/tosh.0_season_7/Tosh.0.S07E13.High.School.Football.Fan.HDTV.x264-FiHTV.mp4"
70,"Tosh.0.S07E14.How.to.Give.a.BJ.HDTV.x264-FiHTV.mp4","videos/tosh.0_season_7/Tosh.0.S07E14.How.to.Give.a.BJ.HDTV.x264-FiHTV.mp4"
71,"Tosh.0.S07E15.HDTV.x264-[eSc].mp4","videos/tosh.0_season_7/Tosh.0.S07E15.HDTV.x264-[eSc].mp4"
72,"Tosh.0.S07E17.HDTV.x264-[eSc].mp4","videos/tosh.0_season_7/Tosh.0.S07E17.HDTV.x264-[eSc].mp4"
73,"Tosh.0.S07E18.HDTV.x264-[eSc].mp4","videos/tosh.0_season_7/Tosh.0.S07E18.HDTV.x264-[eSc].mp4"
74,"Tosh.0.S07E19.HDTV.x264-[eSc].mp4","videos/tosh.0_season_7/Tosh.0.S07E19.HDTV.x264-[eSc].mp4"
75,"Tosh.0.S07E20.HDTV.x264-[eSc].mp4","videos/tosh.0_season_7/Tosh.0.S07E20.HDTV.x264-[eSc].mp4"
76,"Tosh.0.S07E23.HDTV.x264-[eSc].mp4","videos/tosh.0_season_7/Tosh.0.S07E23.HDTV.x264-[eSc].mp4"
77,"Tosh.0.S07E24.HDTV.x264-[eSc].mp4","videos/tosh.0_season_7/Tosh.0.S07E24.HDTV.x264-[eSc].mp4"
78,"Tosh.0.S07E26.HDTV.x264-[eSc].mp4","videos/tosh.0_season_7/Tosh.0.S07E26.HDTV.x264-[eSc].mp4"
79,"temp_2.mp4","videos/tosh_0/temp_2.mp4"
80,"tosh_0_s07.mp4","videos/tosh_0/tosh_0_s07.mp4"
