1,1,1,"Entourage [Funxtasy.com] S1E (1)","media/video/series/Entourage/Entourage - Season 1/Entourage [Funxtasy.com] S1E (1).mp4",1
2,1,1,"Entourage [Funxtasy.com] S1E (2)","media/video/series/Entourage/Entourage - Season 1/Entourage [Funxtasy.com] S1E (2).mp4",2
3,1,1,"Entourage [Funxtasy.com] S1E (3)","media/video/series/Entourage/Entourage - Season 1/Entourage [Funxtasy.com] S1E (3).mp4",3
4,1,1,"Entourage [Funxtasy.com] S1E (4)","media/video/series/Entourage/Entourage - Season 1/Entourage [Funxtasy.com] S1E (4).mp4",4
5,1,1,"Entourage [Funxtasy.com] S1E (5)","media/video/series/Entourage/Entourage - Season 1/Entourage [Funxtasy.com] S1E (5).mp4",5
6,1,1,"Entourage [Funxtasy.com] S1E (6)","media/video/series/Entourage/Entourage - Season 1/Entourage [Funxtasy.com] S1E (6).mp4",6
7,1,1,"Entourage [Funxtasy.com] S1E (7)","media/video/series/Entourage/Entourage - Season 1/Entourage [Funxtasy.com] S1E (7).mp4",7
8,1,1,"Entourage [Funxtasy.com] S1E (8)","media/video/series/Entourage/Entourage - Season 1/Entourage [Funxtasy.com] S1E (8).mp4",8
9,1,2,"Entourage [Funxtasy.com] S2E (1)","media/video/series/Entourage/Entourage - Season 2/Entourage [Funxtasy.com] S2E (1).mp4",1
10,1,2,"Entourage [Funxtasy.com] S2E (2)","media/video/series/Entourage/Entourage - Season 2/Entourage [Funxtasy.com] S2E (2).mp4",2
11,1,2,"Entourage [Funxtasy.com] S2E (3)","media/video/series/Entourage/Entourage - Season 2/Entourage [Funxtasy.com] S2E (3).mp4",3
12,1,2,"Entourage [Funxtasy.com] S2E (4)","media/video/series/Entourage/Entourage - Season 2/Entourage [Funxtasy.com] S2E (4).mp4",4
13,1,2,"Entourage [Funxtasy.com] S2E (5)","media/video/series/Entourage/Entourage - Season 2/Entourage [Funxtasy.com] S2E (5).mp4",5
14,1,2,"Entourage [Funxtasy.com] S2E (6)","media/video/series/Entourage/Entourage - Season 2/Entourage [Funxtasy.com] S2E (6).mp4",6
15,1,2,"Entourage [Funxtasy.com] S2E (7)","media/video/series/Entourage/Entourage - Season 2/Entourage [Funxtasy.com] S2E (7).mp4",7
16,1,2,"Entourage [Funxtasy.com] S2E (8)","media/video/series/Entourage/Entourage - Season 2/Entourage [Funxtasy.com] S2E (8).mp4",8
17,1,2,"Entourage [Funxtasy.com] S2E (9)","media/video/series/Entourage/Entourage - Season 2/Entourage [Funxtasy.com] S2E (9).mp4",9
18,1,2,"Entourage [Funxtasy.com] S2E (10)","media/video/series/Entourage/Entourage - Season 2/Entourage [Funxtasy.com] S2E (10).mp4",10
19,1,2,"Entourage [Funxtasy.com] S2E (11)","media/video/series/Entourage/Entourage - Season 2/Entourage [Funxtasy.com] S2E (11).mp4",11
20,1,2,"Entourage [Funxtasy.com] S2E (12)","media/video/series/Entourage/Entourage - Season 2/Entourage [Funxtasy.com] S2E (12).mp4",12
21,1,2,"Entourage [Funxtasy.com] S2E (13)","media/video/series/Entourage/Entourage - Season 2/Entourage [Funxtasy.com] S2E (13).mp4",13
22,1,2,"Entourage [Funxtasy.com] S2E (14)","media/video/series/Entourage/Entourage - Season 2/Entourage [Funxtasy.com] S2E (14).mp4",14
